{"stats":{"minecraft:dropped":{"minecraft:spruce_sign":2,"minecraft:brown_mushroom":1,"crittersandcompanions:clam":1,"minecraft:crafting_table":20,"minecraft:crossbow":1,"minecraft:lantern":1,"minecraft:sentry_armor_trim_smithing_template":1,"minecraft:cobblestone_stairs":5,"minecraft:stripped_warped_hyphae":2,"minecraft:dirt":11,"minecraft:dark_oak_fence":1,"gravestone:obituary":28,"minecraft:iron_pickaxe":1,"minecraft:white_wool":14,"simplyswords:iron_sai":1,"hangglider:hang_glider":1,"simplyswords:iron_twinblade":2,"minecraft:birch_sapling":5,"minecraft:soul_lantern":1,"immersive_melodies:flute":1,"minecraft:cherry_sapling":2,"minecraft:rotten_flesh":32,"minecraft:oak_planks":112,"minecraft:cooked_mutton":1,"minecraft:azure_bluet":1,"minecraft:warped_planks":4,"minecraft:rabbit_hide":2,"supplementaries:ash":2,"minecraft:skeleton_skull":3,"comforts:sleeping_bag_white":2,"minecraft:spruce_slab":4,"minecraft:arrow":4,"minecraft:netherrack":1,"minecraft:lectern":2,"minecraft:egg":1,"minecraft:bread":9,"minecraft:oak_slab":3,"minecraft:stripped_spruce_log":6,"minecraft:wheat_seeds":3,"minecraft:diamond_leggings":1,"minecraft:feather":1,"minecraft:cobblestone":6,"minecraft:prismarine_crystals":3,"minecraft:purple_concrete":4,"minecraft:apple":11,"minecraft:spruce_stairs":1,"minecraft:coal":1,"minecraft:stick":73,"minecraft:gray_wool":2,"minecraft:warped_slab":2,"minecraft:wooden_axe":1,"minecraft:oak_stairs":1,"minecraft:string":2,"minecraft:dandelion":3,"minecraft:furnace":1,"minecraft:oak_trapdoor":1,"minecraft:dark_prismarine_stairs":1,"minecraft:coarse_dirt":1,"minecraft:stone_sword":1,"minecraft:chicken":1,"minecraft:smoker":1,"minecraft:warped_door":1,"minecraft:spruce_fence":6,"minecraft:deepslate_bricks":1,"minecraft:filled_map":3,"minecraft:shield":5,"minecraft:oak_button":6,"minecraft:spruce_trapdoor":1,"minecraft:spruce_planks":1,"minecraft:iron_chestplate":2,"minecraft:andesite":24,"minecraft:oak_sapling":3,"minecraft:spruce_log":5,"minecraft:wooden_pickaxe":1,"minecraft:dark_prismarine":7,"simplyswords:iron_claymore":3,"minecraft:black_wool":3},"minecraft:broken":{"minecraft:iron_shovel":1,"minecraft:stone_pickaxe":2,"simplyswords:iron_claymore":1,"minecraft:diamond_boots":1,"minecraft:stone_axe":1,"minecraft:shield":1,"minecraft:iron_axe":5,"minecraft:iron_pickaxe":2},"minecraft:killed":{"minecraft:spider":8,"creeperoverhaul:bamboo_creeper":1,"minecraft:skeleton":18,"minecraft:chicken":1,"minecraft:wolf":2,"minecraft:pig":5,"minecraft:sheep":28,"minecraft:pillager":27,"minecraft:zombie":20,"minecraft:cow":13,"minecraft:vindicator":5,"minecraft:drowned":1,"minecraft:husk":2,"minecraft:rabbit":5,"minecraft:villager":1},"minecraft:used":{"minecraft:iron_shovel":483,"minecraft:spruce_slab":1,"minecraft:ladder":68,"minecraft:bone_block":26,"minecraft:oak_sign":4,"minecraft:chest":47,"minecraft:shield":206,"minecraft:iron_sword":163,"minecraft:bell":2,"minecraft:white_candle":9,"minecraft:mutton":1,"minecraft:jungle_planks":95,"minecraft:carrot":2,"minecraft:stripped_spruce_log":6,"minecraft:lantern":95,"minecraft:stone_bricks":65,"minecraft:item_frame":6,"minecraft:bow":37,"minecraft:oak_sapling":3,"minecraft:furnace":14,"minecraft:egg":2,"minecraft:potato":6,"minecraft:oak_chest_boat":4,"minecraft:stone_pickaxe":265,"minecraft:oak_planks":377,"minecraft:wooden_pickaxe":40,"minecraft:sugar_cane":8,"minecraft:glow_berries":7,"minecraft:sand":3,"minecraft:blast_furnace":3,"minecraft:crossbow":3,"minecraft:heavy_weighted_pressure_plate":2,"minecraft:bread":84,"minecraft:lectern":32,"minecraft:iron_door":3,"boatload:large_oak_boat":1,"minecraft:smithing_table":2,"minecraft:cooked_rabbit":2,"minecraft:andesite":1,"minecraft:oak_boat":7,"another_furniture:oak_shelf":2,"minecraft:bone_meal":1,"minecraft:oak_fence":88,"minecraft:oak_trapdoor":58,"simplyswords:iron_claymore":221,"minecraft:stone_sword":110,"minecraft:stripped_warped_stem":1,"minecraft:oak_door":7,"minecraft:torch":128,"minecraft:brewing_stand":1,"minecraft:dirt":283,"minecraft:anvil":2,"minecraft:spruce_stairs":1,"minecraft:stone_brick_slab":2,"minecraft:dark_oak_planks":2,"minecraft:wooden_axe":74,"minecraft:bookshelf":7,"minecraft:iron_axe":1328,"minecraft:oak_stairs":74,"minecraft:iron_boots":1,"minecraft:yellow_concrete_powder":3,"comforts:sleeping_bag_white":29,"minecraft:stone_pressure_plate":1,"minecraft:cooked_beef":13,"another_furniture:oak_drawer":2,"minecraft:cobbled_deepslate":17,"minecraft:wheat_seeds":111,"minecraft:cooked_mutton":35,"minecraft:cobblestone_stairs":156,"minecraft:rabbit":3,"minecraft:birch_planks":281,"minecraft:birch_boat":1,"minecraft:cobblestone_slab":53,"minecraft:oak_slab":635,"minecraft:crafting_table":24,"minecraft:red_bed":3,"simplyswords:iron_twinblade":171,"minecraft:white_bed":4,"minecraft:smoker":5,"minecraft:oak_log":25,"minecraft:diamond_pickaxe":4,"minecraft:apple":3,"minecraft:oak_button":2,"minecraft:iron_pickaxe":2658,"minecraft:spruce_trapdoor":2,"minecraft:stone_axe":77,"minecraft:cobblestone":1441,"minecraft:cooked_porkchop":7,"minecraft:yellow_bed":7,"minecraft:stripped_oak_log":7},"minecraft:killed_by":{"minecraft:creeper":2,"minecraft:vindicator":7,"minecraft:zombie":10,"minecraft:husk":1,"minecraft:skeleton":12},"minecraft:crafted":{"minecraft:smooth_stone":9,"minecraft:oak_planks":1416,"minecraft:cobblestone_slab":42,"minecraft:oak_sign":6,"hangglider:hang_glider":1,"minecraft:birch_boat":1,"minecraft:stone":73,"minecraft:cobblestone_stairs":124,"minecraft:bookshelf":12,"minecraft:heavy_weighted_pressure_plate":2,"minecraft:cooked_mutton":36,"minecraft:bow":1,"minecraft:chest":23,"minecraft:oak_button":5,"minecraft:iron_door":3,"minecraft:stone_bricks":64,"minecraft:oak_fence":69,"minecraft:cooked_rabbit":2,"minecraft:smoker":2,"minecraft:oak_slab":588,"minecraft:cooked_porkchop":7,"boatload:large_oak_boat":1,"minecraft:crafting_table":19,"simplyswords:iron_claymore":2,"minecraft:wooden_pickaxe":1,"minecraft:birch_planks":470,"minecraft:lectern":3,"minecraft:iron_chestplate":1,"minecraft:paper":12,"minecraft:diamond_pickaxe":1,"minecraft:shield":6,"minecraft:stick":400,"minecraft:iron_ingot":31,"minecraft:iron_pickaxe":1,"minecraft:stone_sword":1,"another_furniture:oak_drawer":2,"hangglider:glider_framework":1,"simplyswords:iron_twinblade":2,"minecraft:iron_nugget":531,"comforts:sleeping_bag_white":2,"minecraft:furnace":12,"minecraft:blast_furnace":3,"hangglider:glider_wing":2,"minecraft:oak_trapdoor":48,"minecraft:flint_and_steel":1,"minecraft:lantern":73,"minecraft:iron_axe":6,"minecraft:ladder":90,"minecraft:stone_pickaxe":2,"minecraft:wheat":9,"minecraft:cooked_beef":13,"minecraft:red_dye":1,"minecraft:red_bed":1,"minecraft:stone_axe":2,"minecraft:bread":13,"minecraft:air":0,"minecraft:jungle_planks":168,"minecraft:oak_boat":6,"minecraft:oak_chest_boat":2,"minecraft:oak_stairs":48,"another_furniture:oak_shelf":3,"minecraft:wooden_axe":4,"minecraft:iron_shovel":1,"minecraft:white_bed":2,"minecraft:torch":140},"minecraft:mined":{"minecraft:dark_oak_planks":4,"minecraft:dark_prismarine_stairs":1,"minecraft:stripped_warped_stem":2,"minecraft:spruce_planks":3,"minecraft:white_bed":4,"minecraft:stone_pressure_plate":1,"minecraft:black_terracotta":2,"minecraft:cobblestone_stairs":37,"another_furniture:oak_shelf":2,"minecraft:jungle_leaves":68,"minecraft:brewing_stand":1,"minecraft:warped_stairs":2,"minecraft:obsidian":2,"minecraft:spruce_trapdoor":3,"minecraft:granite":14,"minecraft:grass_block":153,"minecraft:jungle_log":47,"minecraft:deepslate_bricks":1,"minecraft:stripped_warped_hyphae":5,"minecraft:green_concrete":2,"minecraft:oxeye_daisy":1,"minecraft:spawner":23,"comforts:sleeping_bag_white":1,"minecraft:magma_block":1,"minecraft:iron_ore":39,"minecraft:cobbled_deepslate":1,"minecraft:pumpkin":4,"minecraft:anvil":2,"minecraft:azure_bluet":9,"minecraft:red_tulip":5,"minecraft:dirt_path":43,"minecraft:oak_stairs":50,"minecraft:smooth_sandstone_stairs":3,"minecraft:spruce_slab":3,"minecraft:red_bed":2,"minecraft:smoker":4,"minecraft:powder_snow":2,"minecraft:torch":4,"minecraft:chest":33,"minecraft:white_stained_glass_pane":1,"minecraft:cobblestone":412,"minecraft:white_candle":7,"minecraft:oak_planks":172,"minecraft:sugar_cane":14,"minecraft:damaged_anvil":2,"minecraft:iron_door":1,"minecraft:wall_torch":25,"minecraft:skeleton_skull":3,"minecraft:dark_oak_slab":1,"minecraft:warped_planks":20,"minecraft:birch_log":120,"minecraft:wheat":111,"minecraft:light_gray_wool":9,"minecraft:grass":255,"minecraft:oak_log":318,"minecraft:dirt":149,"minecraft:sand":18,"minecraft:stonecutter":1,"minecraft:netherrack":5,"minecraft:deepslate":22,"minecraft:oak_leaves":125,"minecraft:dark_prismarine":5,"minecraft:crying_obsidian":1,"minecraft:quartz_stairs":1,"minecraft:candle":2,"minecraft:oak_door":13,"gravestone:gravestone":22,"minecraft:ladder":4,"minecraft:dark_oak_fence":4,"minecraft:spruce_fence":15,"minecraft:jungle_planks":9,"minecraft:yellow_concrete_powder":3,"minecraft:spruce_leaves":6,"minecraft:sandstone":1,"minecraft:hay_block":1,"minecraft:oak_trapdoor":11,"minecraft:furnace":8,"minecraft:andesite":39,"minecraft:green_terracotta":1,"minecraft:dark_oak_fence_gate":1,"minecraft:stripped_spruce_log":12,"minecraft:bell":1,"minecraft:bookshelf":19,"minecraft:cobblestone_slab":45,"minecraft:deepslate_iron_ore":8,"minecraft:vine":9,"minecraft:lantern":28,"minecraft:stripped_oak_log":56,"minecraft:stone":1874,"minecraft:bone_block":30,"minecraft:white_wool":6,"minecraft:green_wool":1,"minecraft:smithing_table":2,"minecraft:oak_slab":77,"minecraft:brown_stained_glass_pane":1,"minecraft:stone_brick_slab":3,"minecraft:dandelion":1,"minecraft:oak_fence":24,"minecraft:smooth_sandstone":2,"minecraft:crafting_table":16,"minecraft:purple_wall_banner":2,"minecraft:oak_wood":16,"minecraft:lectern":29,"minecraft:copper_ore":19,"minecraft:tall_grass":27,"minecraft:diorite":14,"minecraft:spruce_stairs":4,"minecraft:birch_planks":11,"minecraft:coarse_dirt":1,"minecraft:ice":93,"minecraft:spruce_log":5,"minecraft:birch_leaves":41,"minecraft:purple_concrete":8,"minecraft:yellow_bed":8,"minecraft:coal_ore":144,"minecraft:cherry_leaves":9,"minecraft:gravel":105,"minecraft:brown_terracotta":3,"minecraft:stone_bricks":4,"minecraft:warped_slab":1},"minecraft:custom":{"minecraft:interact_with_crafting_table":142,"minecraft:open_barrel":59,"minecraft:bell_ring":14,"minecraft:eat_cake_slice":2,"minecraft:leave_game":10,"minecraft:time_since_death":52329,"minecraft:sprint_one_cm":1921813,"minecraft:damage_blocked_by_shield":9685,"minecraft:drop":309,"minecraft:talked_to_villager":97,"minecraft:play_time":965761,"minecraft:deaths":32,"minecraft:jump":10084,"minecraft:walk_on_water_one_cm":125624,"minecraft:interact_with_furnace":62,"minecraft:interact_with_loom":1,"minecraft:sleep_in_bed":53,"minecraft:waystone_activated":3,"minecraft:damage_dealt":23766,"minecraft:player_kills":1,"minecraft:crouch_one_cm":95026,"minecraft:interact_with_smoker":13,"minecraft:interact_with_smithing_table":3,"minecraft:interact_with_anvil":12,"minecraft:mob_kills":148,"minecraft:inspect_hopper":1,"minecraft:climb_one_cm":42107,"minecraft:walk_one_cm":3166625,"minecraft:sneak_time":32966,"minecraft:walk_under_water_one_cm":219531,"minecraft:boat_one_cm":2118985,"minecraft:interact_with_lectern":6,"minecraft:interact_with_blast_furnace":19,"minecraft:total_world_time":965761,"minecraft:interact_with_stonecutter":1,"minecraft:time_since_rest":1086,"minecraft:damage_taken":14650,"minecraft:swim_one_cm":149746,"minecraft:fly_one_cm":1883724,"minecraft:open_chest":630,"minecraft:fall_one_cm":188601},"minecraft:picked_up":{"minecraft:iron_chestplate":2,"minecraft:wheat":332,"minecraft:anvil":2,"minecraft:smithing_table":2,"minecraft:lead":2,"minecraft:oak_stairs":48,"minecraft:enchanted_book":2,"minecraft:brewing_stand":1,"minecraft:warped_stairs":2,"minecraft:string":10,"minecraft:raw_copper":68,"another_furniture:oak_shelf":2,"minecraft:purple_banner":2,"minecraft:experience_bottle":1,"minecraft:diamond_leggings":1,"minecraft:gold_nugget":138,"minecraft:cobbled_deepslate":18,"comforts:sleeping_bag_white":30,"minecraft:spruce_planks":1,"minecraft:warped_slab":2,"boatload:large_oak_boat":1,"minecraft:cobblestone_slab":35,"minecraft:iron_pickaxe":4,"hangglider:hang_glider":1,"minecraft:furnace":8,"minecraft:iron_boots":6,"minecraft:stick":105,"minecraft:brown_terracotta":3,"minecraft:oak_fence":22,"minecraft:torch":84,"minecraft:spruce_stairs":3,"minecraft:porkchop":9,"minecraft:diorite":10,"minecraft:warped_planks":13,"minecraft:yellow_concrete_powder":3,"minecraft:warped_door":1,"minecraft:rotten_flesh":36,"minecraft:vex_armor_trim_smithing_template":4,"minecraft:red_tulip":5,"immersive_melodies:flute":3,"supplementaries:ash":3,"minecraft:obsidian":2,"minecraft:cobblestone":2214,"minecraft:birch_log":118,"minecraft:feather":1,"minecraft:andesite":29,"minecraft:iron_door":1,"minecraft:jungle_log":42,"minecraft:smoker":4,"minecraft:potato":1,"minecraft:flint":15,"minecraft:warped_trapdoor":1,"minecraft:dirt":401,"minecraft:lantern":29,"minecraft:bone":66,"minecraft:stonecutter":2,"minecraft:bow":1,"minecraft:wheat_seeds":342,"minecraft:bell":3,"minecraft:rabbit":5,"minecraft:bamboo":2,"minecraft:oak_planks":366,"minecraft:black_terracotta":2,"minecraft:sand":16,"minecraft:jungle_planks":9,"minecraft:stripped_spruce_log":12,"minecraft:dark_prismarine":8,"minecraft:white_candle":35,"minecraft:soul_lantern":2,"minecraft:bone_meal":1,"minecraft:golden_apple":3,"minecraft:emerald":12,"minecraft:spruce_sign":3,"minecraft:bread":49,"minecraft:oak_sapling":13,"minecraft:netherrack":1,"minecraft:dark_oak_fence":1,"minecraft:charcoal":2,"minecraft:coarse_dirt":1,"minecraft:crafting_table":25,"minecraft:azure_bluet":14,"minecraft:stripped_warped_hyphae":10,"minecraft:chicken":1,"minecraft:ladder":1,"simplyswords:iron_sai":1,"minecraft:leather_leggings":2,"minecraft:brown_mushroom":1,"gravestone:obituary":3,"minecraft:shield":2,"minecraft:oak_trapdoor":12,"minecraft:red_bed":2,"minecraft:moss_carpet":6,"minecraft:flint_and_steel":1,"minecraft:item_frame":7,"minecraft:blue_orchid":1,"minecraft:candle":12,"minecraft:stripped_warped_stem":2,"minecraft:dark_prismarine_stairs":1,"minecraft:beef":26,"minecraft:oak_boat":4,"minecraft:light_gray_wool":9,"minecraft:spruce_slab":6,"minecraft:lectern":31,"minecraft:sugar_cane":19,"minecraft:chest":33,"minecraft:birch_sapling":6,"crittersandcompanions:clam":1,"minecraft:spruce_trapdoor":3,"minecraft:egg":4,"minecraft:raw_iron":53,"minecraft:oak_door":13,"minecraft:spruce_fence":11,"minecraft:prismarine_crystals":6,"minecraft:stone_pressure_plate":1,"minecraft:dark_oak_planks":4,"minecraft:arrow":56,"minecraft:pumpkin_pie":2,"minecraft:deepslate_bricks":1,"minecraft:diamond_boots":2,"minecraft:hay_block":1,"minecraft:oak_chest_boat":2,"minecraft:gold_ingot":2,"minecraft:mutton":41,"minecraft:bone_block":121,"minecraft:skeleton_skull":3,"minecraft:white_wool":33,"minecraft:stripped_oak_log":56,"minecraft:leather":12,"minecraft:filled_map":4,"minecraft:birch_planks":10,"simplyswords:iron_claymore":2,"minecraft:oak_log":322,"minecraft:yellow_bed":8,"minecraft:gunpowder":1,"minecraft:cobblestone_stairs":38,"minecraft:cooked_mutton":1,"minecraft:apple":20,"minecraft:stone_bricks":2,"minecraft:wild_armor_trim_smithing_template":4,"minecraft:rabbit_hide":5,"minecraft:iron_ingot":96,"minecraft:purple_concrete":8,"minecraft:book":57,"minecraft:oak_slab":87,"minecraft:dark_oak_slab":1,"minecraft:pumpkin":6,"minecraft:stone_brick_slab":3,"minecraft:dandelion":3,"minecraft:gravel":98,"minecraft:white_bed":4,"minecraft:spruce_log":5,"minecraft:crying_obsidian":1,"minecraft:leather_helmet":1,"minecraft:oak_wood":16,"minecraft:cherry_sapling":2,"minecraft:gray_wool":2,"minecraft:oak_button":3,"minecraft:damaged_anvil":2,"minecraft:black_wool":3,"minecraft:coal":296,"minecraft:ender_pearl":1}},"DataVersion":3465}