{"stats":{"minecraft:mined":{"minecraft:furnace":1,"minecraft:dark_oak_leaves":45,"minecraft:stripped_dark_oak_log":1,"minecraft:dark_oak_log":20,"minecraft:crafting_table":3,"minecraft:grass":15,"minecraft:coal_ore":35,"minecraft:grass_block":6,"minecraft:oak_log":1,"minecraft:dirt_path":1,"minecraft:dirt":16,"minecraft:stone":30,"minecraft:oak_leaves":4},"minecraft:used":{"minecraft:cooked_mutton":4,"minecraft:wooden_axe":55,"minecraft:dark_oak_log":2,"minecraft:stone_pickaxe":39,"minecraft:wooden_pickaxe":33,"minecraft:wooden_shovel":18,"minecraft:stone_axe":29,"minecraft:crafting_table":3,"minecraft:furnace":1,"comforts:sleeping_bag_white":2},"minecraft:picked_up":{"minecraft:dark_oak_sapling":1,"minecraft:stick":4,"minecraft:crafting_table":3,"minecraft:porkchop":16,"minecraft:dark_oak_log":20,"minecraft:dirt":23,"comforts:sleeping_bag_white":2,"minecraft:mutton":9,"minecraft:coal":35,"minecraft:white_wool":6,"minecraft:cobblestone":30,"minecraft:furnace":1},"minecraft:crafted":{"minecraft:wooden_shovel":1,"minecraft:crafting_table":5,"minecraft:stick":8,"comforts:sleeping_bag_white":1,"minecraft:wooden_pickaxe":1,"minecraft:stone_pickaxe":1,"minecraft:wooden_axe":1,"minecraft:furnace":1,"minecraft:dark_oak_planks":72,"minecraft:stone_axe":1,"minecraft:cooked_mutton":9},"minecraft:broken":{"minecraft:wooden_axe":1},"minecraft:custom":{"minecraft:time_since_rest":534,"minecraft:interact_with_furnace":4,"minecraft:sprint_one_cm":61853,"minecraft:damage_taken":460,"minecraft:walk_one_cm":65417,"minecraft:mob_kills":14,"minecraft:drop":6,"minecraft:damage_dealt":1280,"minecraft:interact_with_crafting_table":6,"minecraft:fly_one_cm":83447,"minecraft:crouch_one_cm":1092,"minecraft:play_time":23852,"minecraft:deaths":1,"minecraft:sneak_time":1051,"minecraft:jump":360,"minecraft:time_since_death":21589,"minecraft:sleep_in_bed":2,"minecraft:total_world_time":23852,"minecraft:climb_one_cm":56,"minecraft:fall_one_cm":8344},"minecraft:killed_by":{"minecraft:creeper":1},"minecraft:killed":{"minecraft:sheep":6,"minecraft:pig":8},"minecraft:dropped":{"minecraft:crafting_table":4,"minecraft:dark_oak_sapling":1,"gravestone:obituary":1}},"DataVersion":3465}