{"stats":{"minecraft:mined":{"minecraft:dark_oak_leaves":45,"minecraft:stripped_dark_oak_log":1,"minecraft:dark_oak_log":20,"minecraft:crafting_table":2,"minecraft:grass":6,"minecraft:grass_block":5,"minecraft:oak_log":1,"minecraft:dirt_path":1,"minecraft:dirt":10,"minecraft:oak_leaves":4},"minecraft:used":{"minecraft:wooden_axe":55,"minecraft:dark_oak_log":2,"minecraft:wooden_pickaxe":4,"minecraft:wooden_shovel":13,"minecraft:crafting_table":3,"comforts:sleeping_bag_white":1},"minecraft:picked_up":{"minecraft:dark_oak_sapling":1,"minecraft:stick":4,"minecraft:crafting_table":2,"minecraft:dark_oak_log":20,"minecraft:dirt":12,"comforts:sleeping_bag_white":1,"minecraft:mutton":7,"minecraft:white_wool":4},"minecraft:crafted":{"minecraft:wooden_shovel":1,"minecraft:crafting_table":5,"minecraft:stick":8,"comforts:sleeping_bag_white":1,"minecraft:wooden_pickaxe":1,"minecraft:wooden_axe":1,"minecraft:dark_oak_planks":72},"minecraft:broken":{"minecraft:wooden_axe":1},"minecraft:custom":{"minecraft:time_since_rest":1801,"minecraft:sprint_one_cm":19349,"minecraft:damage_taken":460,"minecraft:walk_one_cm":34580,"minecraft:mob_kills":4,"minecraft:drop":6,"minecraft:damage_dealt":321,"minecraft:interact_with_crafting_table":4,"minecraft:fly_one_cm":22565,"minecraft:crouch_one_cm":1092,"minecraft:play_time":11852,"minecraft:deaths":1,"minecraft:sneak_time":1051,"minecraft:jump":147,"minecraft:time_since_death":9589,"minecraft:sleep_in_bed":1,"minecraft:total_world_time":11852,"minecraft:climb_one_cm":56,"minecraft:fall_one_cm":4104},"minecraft:killed_by":{"minecraft:creeper":1},"minecraft:killed":{"minecraft:sheep":4},"minecraft:dropped":{"minecraft:crafting_table":4,"minecraft:dark_oak_sapling":1,"gravestone:obituary":1}},"DataVersion":3465}